{
  "accuracy": 0.517948717948718,
  "roc_auc": 0.5546842105263158,
  "n": 195
}